{
	"providers": {
		"awscloudformation": {
			"AuthRoleName": "amplify-rfawebmanagerbackend-rwmbeenv-12440-authRole",
			"UnauthRoleArn": "arn:aws:iam::806818869930:role/amplify-rfawebmanagerbackend-rwmbeenv-12440-unauthRole",
			"AuthRoleArn": "arn:aws:iam::806818869930:role/amplify-rfawebmanagerbackend-rwmbeenv-12440-authRole",
			"Region": "us-east-2",
			"DeploymentBucketName": "amplify-rfawebmanagerbackend-rwmbeenv-12440-deployment",
			"UnauthRoleName": "amplify-rfawebmanagerbackend-rwmbeenv-12440-unauthRole",
			"StackName": "amplify-rfawebmanagerbackend-rwmbeenv-12440",
			"StackId": "arn:aws:cloudformation:us-east-2:806818869930:stack/amplify-rfawebmanagerbackend-rwmbeenv-12440/6846e970-88b4-11ea-b053-022fd555c652",
			"AmplifyAppId": "d13vaz7mi3zb4a"
		}
	},
	"hosting": {
		"S3AndCloudFront": {
			"service": "S3AndCloudFront",
			"providerPlugin": "awscloudformation",
			"providerMetadata": {
				"s3TemplateURL": "https://s3.amazonaws.com/amplify-rfawebmanagerbackend-rwmbeenv-12440-deployment/amplify-cfn-templates/hosting/template.json",
				"logicalId": "hostingS3AndCloudFront"
			},
			"lastPushTimeStamp": "2020-04-27T18:35:35.652Z",
			"output": {
				"CloudFrontSecureURL": "https://d3dtr11ydgq2ad.cloudfront.net",
				"S3BucketSecureURL": "https://rfawebmanagerbackend-20200428012859-hostingbucket-rwmbeenv.s3.amazonaws.com",
				"CloudFrontOriginAccessIdentity": "E2L3TLV89HHFFP",
				"WebsiteURL": "http://rfawebmanagerbackend-20200428012859-hostingbucket-rwmbeenv.s3-website.us-east-2.amazonaws.com",
				"CloudFrontDistributionID": "E9GQDXGSLON5T",
				"Region": "us-east-2",
				"HostingBucketName": "rfawebmanagerbackend-20200428012859-hostingbucket-rwmbeenv",
				"CloudFrontDomainName": "d3dtr11ydgq2ad.cloudfront.net"
			},
			"lastPushDirHash": "J8Zi3hpYMcm+fmf+OjNgJtbx/o0="
		}
	}
}